{"cameraMode":{"drawMode":0,"name":"Shaded","section":"Shading Mode"},"sceneLighting":true,"audioPlay":false,"sceneViewState":{"showFog":false,"showMaterialUpdate":false,"showSkybox":false,"showFlares":false,"showImageEffects":false,"showParticleSystems":false},"in2DMode":false,"pivot":{"x":0.4379604458808899,"y":1.8523080348968506,"z":-1.546173095703125},"rotation":{"x":-0.3343249559402466,"y":-0.08410469442605972,"z":0.02996901050209999,"w":-0.9382250308990479},"size":4.48280143737793,"orthographic":false}